i,j,score
1,0,202
2,0,61
2,1,57
3,0,158
3,1,164
3,2,56
4,0,153
4,1,172
4,2,55
4,3,133
5,0,59
5,1,63
5,2,36
5,3,57
5,4,51
6,0,155
6,1,157
6,2,48
6,3,137
6,4,144
6,5,48
7,0,23
7,1,26
7,2,15
7,3,29
7,4,23
7,5,18
7,6,22
8,0,17
8,1,21
8,2,11
8,3,14
8,4,21
8,5,12
8,6,18
8,7,9
9,0,213
9,1,203
9,2,57
9,3,178
9,4,201
9,5,57
9,6,161
9,7,29
9,8,24
10,0,118
10,1,120
10,2,39
10,3,87
10,4,100
10,5,41
10,6,85
10,7,22
10,8,16
10,9,122
11,0,48
11,1,55
11,2,23
11,3,43
11,4,57
11,5,22
11,6,45
11,7,12
11,8,14
11,9,55
11,10,37
12,0,99
12,1,92
12,2,41
12,3,77
12,4,87
12,5,32
12,6,76
12,7,18
12,8,15
12,9,106
12,10,59
12,11,33
13,0,88
13,1,100
13,2,36
13,3,84
13,4,92
13,5,39
13,6,73
13,7,23
13,8,16
13,9,97
13,10,64
13,11,39
13,12,51
14,0,161
14,1,190
14,2,44
14,3,134
14,4,161
14,5,56
14,6,172
14,7,21
14,8,23
14,9,184
14,10,99
14,11,53
14,12,83
14,13,85
15,0,172
15,1,173
15,2,58
15,3,136
15,4,131
15,5,48
15,6,120
15,7,21
15,8,16
15,9,178
15,10,98
15,11,45
15,12,95
15,13,76
15,14,139
16,0,53
16,1,48
16,2,25
16,3,49
16,4,46
16,5,25
16,6,41
16,7,10
16,8,7
16,9,52
16,10,36
16,11,19
16,12,38
16,13,35
16,14,39
16,15,42
17,0,141
17,1,151
17,2,50
17,3,128
17,4,140
17,5,51
17,6,122
17,7,27
17,8,22
17,9,155
17,10,90
17,11,48
17,12,71
17,13,86
17,14,146
17,15,123
17,16,37
18,0,116
18,1,123
18,2,45
18,3,102
18,4,105
18,5,47
18,6,102
18,7,23
18,8,21
18,9,122
18,10,74
18,11,49
18,12,69
18,13,80
18,14,109
18,15,104
18,16,39
18,17,105
19,0,96
19,1,100
19,2,36
19,3,92
19,4,87
19,5,40
19,6,77
19,7,18
19,8,14
19,9,112
19,10,62
19,11,33
19,12,52
19,13,55
19,14,83
19,15,84
19,16,31
19,17,71
19,18,62
20,0,19
20,1,18
20,2,11
20,3,18
20,4,19
20,5,10
20,6,17
20,7,7
20,8,7
20,9,20
20,10,14
20,11,10
20,12,13
20,13,13
20,14,18
20,15,18
20,16,11
20,17,18
20,18,14
20,19,15
21,0,219
21,1,218
21,2,65
21,3,166
21,4,177
21,5,57
21,6,172
21,7,26
21,8,22
21,9,227
21,10,111
21,11,59
21,12,93
21,13,95
21,14,199
21,15,190
21,16,53
21,17,161
21,18,129
21,19,101
21,20,23
22,0,181
22,1,195
22,2,58
22,3,148
22,4,158
22,5,51
22,6,141
22,7,24
22,8,20
22,9,203
22,10,97
22,11,53
22,12,94
22,13,90
22,14,161
22,15,151
22,16,49
22,17,137
22,18,116
22,19,92
22,20,17
22,21,190
23,0,43
23,1,47
23,2,19
23,3,40
23,4,41
23,5,23
23,6,40
23,7,18
23,8,8
23,9,45
23,10,31
23,11,23
23,12,31
23,13,31
23,14,49
23,15,40
23,16,18
23,17,40
23,18,35
23,19,26
23,20,8
23,21,47
23,22,49
24,0,56
24,1,54
24,2,26
24,3,48
24,4,57
24,5,29
24,6,51
24,7,18
24,8,17
24,9,62
24,10,39
24,11,35
24,12,35
24,13,40
24,14,66
24,15,52
24,16,21
24,17,61
24,18,55
24,19,35
24,20,10
24,21,66
24,22,61
24,23,38
25,0,53
25,1,60
25,2,25
25,3,53
25,4,52
25,5,23
25,6,56
25,7,12
25,8,10
25,9,58
25,10,40
25,11,29
25,12,39
25,13,41
25,14,57
25,15,53
25,16,22
25,17,48
25,18,53
25,19,35
25,20,7
25,21,56
25,22,59
25,23,27
25,24,31
26,0,33
26,1,34
26,2,18
26,3,31
26,4,31
26,5,21
26,6,29
26,7,12
26,8,7
26,9,34
26,10,27
26,11,20
26,12,24
26,13,23
26,14,35
26,15,31
26,16,12
26,17,32
26,18,26
26,19,20
26,20,6
26,21,36
26,22,31
26,23,16
26,24,22
26,25,18
27,0,186
27,1,175
27,2,63
27,3,149
27,4,150
27,5,54
27,6,145
27,7,22
27,8,20
27,9,196
27,10,104
27,11,51
27,12,91
27,13,88
27,14,164
27,15,151
27,16,48
27,17,143
27,18,111
27,19,93
27,20,16
27,21,190
27,22,184
27,23,42
27,24,57
27,25,58
27,26,31
28,0,78
28,1,80
28,2,31
28,3,76
28,4,82
28,5,32
28,6,64
28,7,20
28,8,15
28,9,95
28,10,55
28,11,39
28,12,48
28,13,61
28,14,80
28,15,72
28,16,30
28,17,73
28,18,63
28,19,49
28,20,12
28,21,95
28,22,75
28,23,30
28,24,36
28,25,40
28,26,24
28,27,82
29,0,152
29,1,154
29,2,48
29,3,139
29,4,136
29,5,53
29,6,117
29,7,24
29,8,16
29,9,198
29,10,87
29,11,44
29,12,80
29,13,70
29,14,134
29,15,130
29,16,39
29,17,108
29,18,94
29,19,86
29,20,12
29,21,159
29,22,156
29,23,40
29,24,43
29,25,48
29,26,29
29,27,139
29,28,69
30,0,79
30,1,85
30,2,32
30,3,68
30,4,88
30,5,33
30,6,75
30,7,16
30,8,18
30,9,100
30,10,62
30,11,33
30,12,54
30,13,56
30,14,82
30,15,71
30,16,29
30,17,72
30,18,65
30,19,50
30,20,10
30,21,91
30,22,73
30,23,34
30,24,36
30,25,36
30,26,22
30,27,92
30,28,53
30,29,69
31,0,140
31,1,161
31,2,43
31,3,126
31,4,142
31,5,52
31,6,132
31,7,28
31,8,21
31,9,160
31,10,84
31,11,52
31,12,78
31,13,94
31,14,137
31,15,126
31,16,45
31,17,123
31,18,114
31,19,74
31,20,15
31,21,166
31,22,144
31,23,51
31,24,56
31,25,57
31,26,32
31,27,141
31,28,73
31,29,135
31,30,80
32,0,100
32,1,111
32,2,41
32,3,101
32,4,110
32,5,36
32,6,99
32,7,19
32,8,18
32,9,128
32,10,67
32,11,40
32,12,63
32,13,64
32,14,107
32,15,97
32,16,35
32,17,94
32,18,77
32,19,66
32,20,14
32,21,120
32,22,112
32,23,34
32,24,38
32,25,45
32,26,21
32,27,115
32,28,54
32,29,88
32,30,58
32,31,93
33,0,193
33,1,194
33,2,59
33,3,157
33,4,155
33,5,55
33,6,159
33,7,22
33,8,23
33,9,208
33,10,108
33,11,52
33,12,88
33,13,88
33,14,178
33,15,160
33,16,44
33,17,140
33,18,112
33,19,96
33,20,18
33,21,209
33,22,172
33,23,43
33,24,59
33,25,59
33,26,37
33,27,175
33,28,83
33,29,149
33,30,83
33,31,150
33,32,101
34,0,71
34,1,76
34,2,31
34,3,68
34,4,67
34,5,32
34,6,68
34,7,22
34,8,16
34,9,75
34,10,44
34,11,32
34,12,46
34,13,50
34,14,73
34,15,67
34,16,28
34,17,66
34,18,61
34,19,50
34,20,12
34,21,78
34,22,71
34,23,32
34,24,37
34,25,38
34,26,19
34,27,73
34,28,45
34,29,64
34,30,47
34,31,75
34,32,51
34,33,74
35,0,72
35,1,78
35,2,33
35,3,72
35,4,71
35,5,28
35,6,62
35,7,20
35,8,15
35,9,84
35,10,52
35,11,25
35,12,49
35,13,48
35,14,62
35,15,66
35,16,28
35,17,69
35,18,54
35,19,52
35,20,14
35,21,76
35,22,76
35,23,25
35,24,30
35,25,31
35,26,17
35,27,79
35,28,36
35,29,64
35,30,50
35,31,70
35,32,60
35,33,81
35,34,42
36,0,103
36,1,96
36,2,47
36,3,80
36,4,89
36,5,35
36,6,83
36,7,20
36,8,16
36,9,100
36,10,65
36,11,31
36,12,59
36,13,58
36,14,89
36,15,84
36,16,32
36,17,82
36,18,68
36,19,57
36,20,15
36,21,110
36,22,89
36,23,28
36,24,40
36,25,33
36,26,18
36,27,95
36,28,48
36,29,83
36,30,50
36,31,80
36,32,72
36,33,95
36,34,45
36,35,50
37,0,9
37,1,11
37,2,7
37,3,8
37,4,9
37,5,7
37,6,8
37,7,6
37,8,3
37,9,10
37,10,6
37,11,6
37,12,7
37,13,6
37,14,9
37,15,9
37,16,6
37,17,10
37,18,7
37,19,8
37,20,5
37,21,9
37,22,9
37,23,6
37,24,7
37,25,7
37,26,6
37,27,8
37,28,7
37,29,9
37,30,8
37,31,7
37,32,7
37,33,14
37,34,7
37,35,7
37,36,8
38,0,108
38,1,116
38,2,45
38,3,104
38,4,105
38,5,46
38,6,98
38,7,21
38,8,18
38,9,117
38,10,78
38,11,41
38,12,68
38,13,67
38,14,108
38,15,99
38,16,34
38,17,107
38,18,87
38,19,62
38,20,17
38,21,116
38,22,100
38,23,38
38,24,46
38,25,49
38,26,27
38,27,109
38,28,66
38,29,96
38,30,61
38,31,108
38,32,69
38,33,109
38,34,60
38,35,52
38,36,70
38,37,7
39,0,135
39,1,153
39,2,45
39,3,126
39,4,143
39,5,56
39,6,128
39,7,24
39,8,22
39,9,169
39,10,94
39,11,52
39,12,82
39,13,96
39,14,150
39,15,133
39,16,40
39,17,133
39,18,109
39,19,78
39,20,14
39,21,158
39,22,145
39,23,60
39,24,65
39,25,56
39,26,38
39,27,149
39,28,84
39,29,121
39,30,78
39,31,164
39,32,91
39,33,141
39,34,69
39,35,71
39,36,77
39,37,8
39,38,107
40,0,104
40,1,109
40,2,43
40,3,91
40,4,98
40,5,43
40,6,86
40,7,22
40,8,16
40,9,110
40,10,72
40,11,41
40,12,55
40,13,66
40,14,98
40,15,87
40,16,36
40,17,80
40,18,84
40,19,59
40,20,12
40,21,109
40,22,104
40,23,38
40,24,52
40,25,47
40,26,25
40,27,97
40,28,60
40,29,81
40,30,54
40,31,95
40,32,72
40,33,102
40,34,57
40,35,55
40,36,55
40,37,7
40,38,73
40,39,113
41,0,109
41,1,108
41,2,40
41,3,90
41,4,97
41,5,40
41,6,93
41,7,22
41,8,19
41,9,114
41,10,67
41,11,45
41,12,55
41,13,69
41,14,97
41,15,94
41,16,32
41,17,90
41,18,81
41,19,55
41,20,13
41,21,116
41,22,105
41,23,35
41,24,48
41,25,38
41,26,26
41,27,101
41,28,57
41,29,85
41,30,60
41,31,103
41,32,65
41,33,106
41,34,57
41,35,48
41,36,63
41,37,7
41,38,70
41,39,96
41,40,63
42,0,98
42,1,97
42,2,39
42,3,79
42,4,83
42,5,44
42,6,80
42,7,20
42,8,13
42,9,107
42,10,69
42,11,29
42,12,59
42,13,63
42,14,87
42,15,87
42,16,33
42,17,74
42,18,80
42,19,48
42,20,11
42,21,102
42,22,89
42,23,41
42,24,44
42,25,39
42,26,27
42,27,88
42,28,54
42,29,83
42,30,56
42,31,88
42,32,69
42,33,88
42,34,55
42,35,47
42,36,64
42,37,6
42,38,74
42,39,95
42,40,76
42,41,63
43,0,120
43,1,138
43,2,43
43,3,124
43,4,129
43,5,48
43,6,113
43,7,28
43,8,22
43,9,152
43,10,82
43,11,52
43,12,69
43,13,82
43,14,123
43,15,122
43,16,40
43,17,128
43,18,96
43,19,74
43,20,14
43,21,150
43,22,127
43,23,40
43,24,56
43,25,48
43,26,31
43,27,133
43,28,76
43,29,120
43,30,67
43,31,139
43,32,88
43,33,136
43,34,63
43,35,65
43,36,75
43,37,9
43,38,103
43,39,143
43,40,86
43,41,90
43,42,80
44,0,224
44,1,213
44,2,63
44,3,185
44,4,187
44,5,63
44,6,177
44,7,31
44,8,18
44,9,263
44,10,119
44,11,53
44,12,96
44,13,100
44,14,197
44,15,199
44,16,47
44,17,157
44,18,125
44,19,103
44,20,17
44,21,238
44,22,203
44,23,55
44,24,60
44,25,65
44,26,34
44,27,202
44,28,89
44,29,195
44,30,86
44,31,166
44,32,122
44,33,206
44,34,82
44,35,80
44,36,96
44,37,8
44,38,125
44,39,167
44,40,118
44,41,119
44,42,103
44,43,156
45,0,77
45,1,82
45,2,36
45,3,77
45,4,72
45,5,37
45,6,67
45,7,20
45,8,14
45,9,89
45,10,57
45,11,33
45,12,48
45,13,54
45,14,78
45,15,69
45,16,33
45,17,70
45,18,58
45,19,50
45,20,12
45,21,79
45,22,81
45,23,34
45,24,41
45,25,33
45,26,23
45,27,77
45,28,40
45,29,68
45,30,44
45,31,70
45,32,60
45,33,86
45,34,44
45,35,44
45,36,50
45,37,7
45,38,53
45,39,74
45,40,55
45,41,59
45,42,54
45,43,66
45,44,90
46,0,49
46,1,46
46,2,26
46,3,42
46,4,45
46,5,27
46,6,46
46,7,17
46,8,14
46,9,46
46,10,35
46,11,21
46,12,27
46,13,32
46,14,45
46,15,43
46,16,21
46,17,41
46,18,40
46,19,33
46,20,8
46,21,53
46,22,52
46,23,19
46,24,25
46,25,27
46,26,16
46,27,46
46,28,32
46,29,47
46,30,34
46,31,46
46,32,36
46,33,48
46,34,29
46,35,30
46,36,32
46,37,7
46,38,36
46,39,42
46,40,43
46,41,33
46,42,39
46,43,41
46,44,53
46,45,32
47,0,50
47,1,48
47,2,23
47,3,46
47,4,44
47,5,23
47,6,44
47,7,12
47,8,9
47,9,51
47,10,37
47,11,22
47,12,34
47,13,36
47,14,41
47,15,50
47,16,24
47,17,39
47,18,41
47,19,34
47,20,8
47,21,53
47,22,48
47,23,17
47,24,21
47,25,28
47,26,16
47,27,53
47,28,26
47,29,42
47,30,28
47,31,42
47,32,35
47,33,45
47,34,31
47,35,30
47,36,35
47,37,8
47,38,34
47,39,40
47,40,40
47,41,35
47,42,34
47,43,41
47,44,55
47,45,28
47,46,25
48,0,110
48,1,121
48,2,43
48,3,106
48,4,102
48,5,38
48,6,99
48,7,18
48,8,16
48,9,125
48,10,74
48,11,47
48,12,66
48,13,71
48,14,96
48,15,102
48,16,35
48,17,90
48,18,84
48,19,65
48,20,16
48,21,122
48,22,116
48,23,33
48,24,43
48,25,44
48,26,24
48,27,112
48,28,59
48,29,94
48,30,55
48,31,97
48,32,75
48,33,124
48,34,51
48,35,60
48,36,71
48,37,10
48,38,77
48,39,92
48,40,69
48,41,69
48,42,61
48,43,98
48,44,125
48,45,60
48,46,35
48,47,36
49,0,89
49,1,90
49,2,35
49,3,80
49,4,81
49,5,39
49,6,74
49,7,18
49,8,12
49,9,98
49,10,61
49,11,28
49,12,51
49,13,60
49,14,77
49,15,81
49,16,34
49,17,72
49,18,64
49,19,52
49,20,11
49,21,92
49,22,83
49,23,30
49,24,34
49,25,39
49,26,23
49,27,92
49,28,48
49,29,79
49,30,44
49,31,72
49,32,63
49,33,91
49,34,43
49,35,52
49,36,55
49,37,8
49,38,66
49,39,74
49,40,56
49,41,53
49,42,53
49,43,75
49,44,100
49,45,51
49,46,34
49,47,32
49,48,68
50,0,117
50,1,132
50,2,42
50,3,109
50,4,125
50,5,45
50,6,110
50,7,24
50,8,27
50,9,145
50,10,81
50,11,56
50,12,62
50,13,90
50,14,138
50,15,106
50,16,36
50,17,107
50,18,111
50,19,67
50,20,14
50,21,132
50,22,119
50,23,46
50,24,62
50,25,53
50,26,26
50,27,124
50,28,74
50,29,103
50,30,66
50,31,139
50,32,88
50,33,123
50,34,66
50,35,60
50,36,71
50,37,7
50,38,95
50,39,129
50,40,89
50,41,87
50,42,84
50,43,120
50,44,152
50,45,74
50,46,45
50,47,38
50,48,85
50,49,63
51,0,117
51,1,121
51,2,47
51,3,112
51,4,110
51,5,45
51,6,96
51,7,21
51,8,19
51,9,137
51,10,82
51,11,45
51,12,76
51,13,67
51,14,111
51,15,110
51,16,41
51,17,101
51,18,87
51,19,70
51,20,13
51,21,131
51,22,113
51,23,33
51,24,49
51,25,49
51,26,28
51,27,116
51,28,67
51,29,107
51,30,70
51,31,112
51,32,76
51,33,115
51,34,58
51,35,60
51,36,67
51,37,7
51,38,83
51,39,115
51,40,84
51,41,80
51,42,76
51,43,113
51,44,137
51,45,61
51,46,47
51,47,43
51,48,85
51,49,62
51,50,109
52,0,63
52,1,58
52,2,26
52,3,58
52,4,56
52,5,29
52,6,54
52,7,16
52,8,13
52,9,64
52,10,43
52,11,25
52,12,40
52,13,38
52,14,65
52,15,54
52,16,23
52,17,54
52,18,50
52,19,37
52,20,12
52,21,64
52,22,58
52,23,22
52,24,22
52,25,26
52,26,18
52,27,56
52,28,38
52,29,54
52,30,40
52,31,49
52,32,50
52,33,61
52,34,36
52,35,36
52,36,41
52,37,6
52,38,48
52,39,53
52,40,44
52,41,45
52,42,42
52,43,49
52,44,67
52,45,32
52,46,28
52,47,24
52,48,45
52,49,32
52,50,52
52,51,47
53,0,178
53,1,172
53,2,59
53,3,156
53,4,153
53,5,53
53,6,150
53,7,22
53,8,22
53,9,191
53,10,106
53,11,50
53,12,86
53,13,85
53,14,154
53,15,149
53,16,50
53,17,130
53,18,109
53,19,88
53,20,19
53,21,212
53,22,171
53,23,45
53,24,54
53,25,57
53,26,33
53,27,167
53,28,84
53,29,141
53,30,81
53,31,144
53,32,113
53,33,182
53,34,69
53,35,75
53,36,91
53,37,9
53,38,103
53,39,143
53,40,94
53,41,101
53,42,81
53,43,126
53,44,199
53,45,78
53,46,45
53,47,55
53,48,114
53,49,85
53,50,122
53,51,123
53,52,62
54,0,48
54,1,57
54,2,27
54,3,59
54,4,61
54,5,30
54,6,51
54,7,21
54,8,15
54,9,64
54,10,37
54,11,30
54,12,32
54,13,46
54,14,63
54,15,46
54,16,19
54,17,58
54,18,54
54,19,41
54,20,11
54,21,60
54,22,64
54,23,34
54,24,36
54,25,29
54,26,17
54,27,66
54,28,39
54,29,54
54,30,46
54,31,61
54,32,45
54,33,59
54,34,36
54,35,33
54,36,36
54,37,7
54,38,44
54,39,64
54,40,45
54,41,60
54,42,40
54,43,64
54,44,64
54,45,41
54,46,23
54,47,25
54,48,43
54,49,28
54,50,60
54,51,57
54,52,30
54,53,59
55,0,121
55,1,117
55,2,42
55,3,104
55,4,103
55,5,40
55,6,97
55,7,20
55,8,17
55,9,138
55,10,78
55,11,35
55,12,70
55,13,71
55,14,103
55,15,101
55,16,44
55,17,91
55,18,83
55,19,69
55,20,16
55,21,132
55,22,121
55,23,40
55,24,45
55,25,44
55,26,20
55,27,112
55,28,57
55,29,91
55,30,71
55,31,98
55,32,84
55,33,117
55,34,52
55,35,58
55,36,75
55,37,8
55,38,70
55,39,90
55,40,66
55,41,69
55,42,68
55,43,82
55,44,133
55,45,61
55,46,33
55,47,37
55,48,78
55,49,67
55,50,83
55,51,81
55,52,44
55,53,107
55,54,46
56,0,99
56,1,103
56,2,39
56,3,99
56,4,94
56,5,39
56,6,82
56,7,24
56,8,17
56,9,109
56,10,70
56,11,36
56,12,60
56,13,64
56,14,87
56,15,98
56,16,35
56,17,84
56,18,75
56,19,60
56,20,13
56,21,110
56,22,98
56,23,36
56,24,39
56,25,39
56,26,26
56,27,98
56,28,45
56,29,98
56,30,58
56,31,98
56,32,71
56,33,106
56,34,53
56,35,52
56,36,58
56,37,7
56,38,68
56,39,90
56,40,63
56,41,65
56,42,63
56,43,96
56,44,114
56,45,62
56,46,45
56,47,35
56,48,66
56,49,52
56,50,80
56,51,75
56,52,48
56,53,93
56,54,43
56,55,75
57,0,34
57,1,34
57,2,20
57,3,34
57,4,38
57,5,16
57,6,33
57,7,12
57,8,20
57,9,38
57,10,26
57,11,20
57,12,28
57,13,26
57,14,33
57,15,30
57,16,16
57,17,31
57,18,31
57,19,33
57,20,10
57,21,36
57,22,37
57,23,17
57,24,26
57,25,19
57,26,13
57,27,38
57,28,23
57,29,34
57,30,33
57,31,37
57,32,31
57,33,37
57,34,26
57,35,29
57,36,26
57,37,7
57,38,28
57,39,35
57,40,27
57,41,31
57,42,28
57,43,36
57,44,30
57,45,31
57,46,22
57,47,20
57,48,29
57,49,23
57,50,39
57,51,34
57,52,22
57,53,37
57,54,34
57,55,33
57,56,33
58,0,81
58,1,85
58,2,32
58,3,71
58,4,69
58,5,34
58,6,68
58,7,19
58,8,16
58,9,84
58,10,55
58,11,35
58,12,43
58,13,56
58,14,78
58,15,70
58,16,26
58,17,70
58,18,65
58,19,53
58,20,12
58,21,86
58,22,87
58,23,41
58,24,47
58,25,34
58,26,24
58,27,76
58,28,50
58,29,65
58,30,44
58,31,85
58,32,55
58,33,77
58,34,46
58,35,36
58,36,54
58,37,6
58,38,62
58,39,86
58,40,56
58,41,61
58,42,52
58,43,73
58,44,84
58,45,49
58,46,32
58,47,26
58,48,58
58,49,40
58,50,88
58,51,71
58,52,39
58,53,78
58,54,42
58,55,58
58,56,51
58,57,27
59,0,96
59,1,103
59,2,43
59,3,83
59,4,92
59,5,35
59,6,87
59,7,15
59,8,14
59,9,112
59,10,64
59,11,36
59,12,68
59,13,60
59,14,91
59,15,88
59,16,39
59,17,83
59,18,72
59,19,58
59,20,17
59,21,106
59,22,95
59,23,33
59,24,38
59,25,41
59,26,16
59,27,97
59,28,64
59,29,77
59,30,53
59,31,82
59,32,75
59,33,105
59,34,51
59,35,48
59,36,68
59,37,8
59,38,72
59,39,81
59,40,60
59,41,61
59,42,59
59,43,76
59,44,104
59,45,51
59,46,32
59,47,34
59,48,75
59,49,61
59,50,76
59,51,72
59,52,41
59,53,97
59,54,41
59,55,76
59,56,60
59,57,25
59,58,52
60,0,159
60,1,161
60,2,57
60,3,144
60,4,141
60,5,52
60,6,128
60,7,27
60,8,17
60,9,176
60,10,98
60,11,53
60,12,87
60,13,77
60,14,146
60,15,136
60,16,49
60,17,132
60,18,108
60,19,88
60,20,14
60,21,172
60,22,148
60,23,50
60,24,54
60,25,55
60,26,34
60,27,153
60,28,80
60,29,125
60,30,67
60,31,136
60,32,84
60,33,162
60,34,74
60,35,62
60,36,88
60,37,9
60,38,108
60,39,141
60,40,99
60,41,97
60,42,87
60,43,131
60,44,188
60,45,73
60,46,45
60,47,42
60,48,101
60,49,78
60,50,113
60,51,114
60,52,55
60,53,142
60,54,56
60,55,115
60,56,100
60,57,30
60,58,78
60,59,91
61,0,97
61,1,108
61,2,38
61,3,79
61,4,97
61,5,33
61,6,85
61,7,17
61,8,19
61,9,122
61,10,70
61,11,38
61,12,61
61,13,62
61,14,92
61,15,88
61,16,34
61,17,76
61,18,74
61,19,58
61,20,13
61,21,105
61,22,92
61,23,33
61,24,39
61,25,46
61,26,23
61,27,97
61,28,54
61,29,93
61,30,61
61,31,97
61,32,71
61,33,96
61,34,47
61,35,47
61,36,60
61,37,8
61,38,62
61,39,88
61,40,65
61,41,63
61,42,63
61,43,84
61,44,109
61,45,56
61,46,34
61,47,32
61,48,72
61,49,58
61,50,83
61,51,73
61,52,42
61,53,102
61,54,37
61,55,70
61,56,62
61,57,36
61,58,53
61,59,65
61,60,87
62,0,165
62,1,170
62,2,55
62,3,138
62,4,139
62,5,56
62,6,127
62,7,27
62,8,18
62,9,189
62,10,99
62,11,48
62,12,84
62,13,83
62,14,140
62,15,143
62,16,44
62,17,127
62,18,104
62,19,78
62,20,16
62,21,178
62,22,149
62,23,39
62,24,49
62,25,51
62,26,35
62,27,159
62,28,69
62,29,143
62,30,73
62,31,137
62,32,94
62,33,166
62,34,63
62,35,74
62,36,86
62,37,9
62,38,100
62,39,136
62,40,96
62,41,98
62,42,85
62,43,119
62,44,195
62,45,74
62,46,44
62,47,44
62,48,99
62,49,76
62,50,115
62,51,110
62,52,59
62,53,151
62,54,51
62,55,104
62,56,91
62,57,29
62,58,69
62,59,82
62,60,145
62,61,92
63,0,135
63,1,136
63,2,46
63,3,114
63,4,130
63,5,55
63,6,118
63,7,29
63,8,20
63,9,143
63,10,85
63,11,50
63,12,75
63,13,86
63,14,143
63,15,117
63,16,38
63,17,118
63,18,103
63,19,69
63,20,15
63,21,143
63,22,139
63,23,52
63,24,73
63,25,59
63,26,33
63,27,132
63,28,78
63,29,113
63,30,72
63,31,137
63,32,86
63,33,134
63,34,70
63,35,62
63,36,78
63,37,9
63,38,109
63,39,145
63,40,104
63,41,88
63,42,83
63,43,117
63,44,168
63,45,65
63,46,40
63,47,38
63,48,93
63,49,72
63,50,123
63,51,103
63,52,52
63,53,116
63,54,62
63,55,85
63,56,81
63,57,32
63,58,83
63,59,79
63,60,131
63,61,75
63,62,140
64,0,75
64,1,79
64,2,33
64,3,71
64,4,69
64,5,32
64,6,69
64,7,18
64,8,17
64,9,80
64,10,58
64,11,32
64,12,50
64,13,57
64,14,72
64,15,67
64,16,27
64,17,63
64,18,68
64,19,47
64,20,8
64,21,83
64,22,73
64,23,26
64,24,35
64,25,36
64,26,22
64,27,76
64,28,43
64,29,67
64,30,50
64,31,71
64,32,61
64,33,74
64,34,42
64,35,38
64,36,48
64,37,5
64,38,59
64,39,67
64,40,59
64,41,57
64,42,57
64,43,69
64,44,88
64,45,48
64,46,29
64,47,28
64,48,54
64,49,45
64,50,72
64,51,63
64,52,33
64,53,78
64,54,38
64,55,57
64,56,52
64,57,25
64,58,48
64,59,50
64,60,72
64,61,55
64,62,75
64,63,72
65,0,72
65,1,72
65,2,32
65,3,61
65,4,69
65,5,28
65,6,59
65,7,14
65,8,12
65,9,75
65,10,52
65,11,24
65,12,49
65,13,46
65,14,62
65,15,63
65,16,29
65,17,51
65,18,49
65,19,41
65,20,9
65,21,76
65,22,74
65,23,23
65,24,29
65,25,32
65,26,18
65,27,70
65,28,41
65,29,62
65,30,36
65,31,57
65,32,53
65,33,71
65,34,29
65,35,38
65,36,44
65,37,9
65,38,46
65,39,56
65,40,45
65,41,49
65,42,42
65,43,51
65,44,73
65,45,38
65,46,27
65,47,30
65,48,51
65,49,45
65,50,49
65,51,62
65,52,29
65,53,70
65,54,29
65,55,50
65,56,46
65,57,21
65,58,34
65,59,39
65,60,64
65,61,42
65,62,68
65,63,54
65,64,37
66,0,170
66,1,192
66,2,65
66,3,163
66,4,165
66,5,55
66,6,149
66,7,27
66,8,23
66,9,198
66,10,102
66,11,52
66,12,99
66,13,89
66,14,162
66,15,145
66,16,51
66,17,144
66,18,109
66,19,89
66,20,17
66,21,198
66,22,168
66,23,45
66,24,52
66,25,58
66,26,34
66,27,177
66,28,80
66,29,145
66,30,86
66,31,158
66,32,104
66,33,173
66,34,72
66,35,77
66,36,96
66,37,9
66,38,103
66,39,151
66,40,101
66,41,98
66,42,93
66,43,139
66,44,191
66,45,82
66,46,50
66,47,47
66,48,112
66,49,90
66,50,130
66,51,128
66,52,59
66,53,180
66,54,60
66,55,118
66,56,103
66,57,39
66,58,75
66,59,96
66,60,154
66,61,102
66,62,163
66,63,133
66,64,79
66,65,71
67,0,131
67,1,134
67,2,41
67,3,110
67,4,122
67,5,45
67,6,119
67,7,20
67,8,19
67,9,129
67,10,83
67,11,50
67,12,72
67,13,83
67,14,120
67,15,115
67,16,37
67,17,109
67,18,122
67,19,70
67,20,12
67,21,141
67,22,133
67,23,46
67,24,63
67,25,67
67,26,29
67,27,125
67,28,70
67,29,108
67,30,62
67,31,130
67,32,86
67,33,133
67,34,66
67,35,54
67,36,75
67,37,9
67,38,89
67,39,126
67,40,91
67,41,82
67,42,85
67,43,107
67,44,148
67,45,67
67,46,43
67,47,37
67,48,88
67,49,69
67,50,119
67,51,96
67,52,48
67,53,119
67,54,58
67,55,87
67,56,80
67,57,36
67,58,76
67,59,79
67,60,117
67,61,89
67,62,105
67,63,119
67,64,69
67,65,51
67,66,127
68,0,84
68,1,86
68,2,39
68,3,77
68,4,83
68,5,37
68,6,74
68,7,20
68,8,15
68,9,88
68,10,56
68,11,32
68,12,53
68,13,47
68,14,78
68,15,71
68,16,32
68,17,72
68,18,61
68,19,49
68,20,12
68,21,96
68,22,74
68,23,29
68,24,33
68,25,34
68,26,21
68,27,80
68,28,42
68,29,72
68,30,53
68,31,74
68,32,56
68,33,88
68,34,42
68,35,45
68,36,52
68,37,8
68,38,55
68,39,68
68,40,56
68,41,59
68,42,55
68,43,60
68,44,86
68,45,52
68,46,32
68,47,28
68,48,56
68,49,47
68,50,61
68,51,61
68,52,40
68,53,82
68,54,36
68,55,64
68,56,55
68,57,24
68,58,40
68,59,52
68,60,77
68,61,58
68,62,77
68,63,62
68,64,45
68,65,42
68,66,91
68,67,63
69,0,104
69,1,116
69,2,50
69,3,92
69,4,98
69,5,40
69,6,83
69,7,21
69,8,13
69,9,112
69,10,68
69,11,36
69,12,63
69,13,57
69,14,89
69,15,94
69,16,40
69,17,84
69,18,65
69,19,70
69,20,15
69,21,113
69,22,98
69,23,30
69,24,35
69,25,39
69,26,24
69,27,103
69,28,53
69,29,86
69,30,53
69,31,78
69,32,72
69,33,103
69,34,51
69,35,55
69,36,71
69,37,7
69,38,68
69,39,78
69,40,62
69,41,60
69,42,61
69,43,77
69,44,105
69,45,50
69,46,31
69,47,32
69,48,70
69,49,58
69,50,74
69,51,77
69,52,43
69,53,99
69,54,36
69,55,74
69,56,64
69,57,29
69,58,55
69,59,68
69,60,96
69,61,67
69,62,91
69,63,77
69,64,47
69,65,48
69,66,97
69,67,72
69,68,57
70,0,160
70,1,158
70,2,53
70,3,137
70,4,134
70,5,47
70,6,122
70,7,21
70,8,15
70,9,162
70,10,89
70,11,47
70,12,77
70,13,80
70,14,131
70,15,128
70,16,43
70,17,117
70,18,103
70,19,79
70,20,16
70,21,165
70,22,145
70,23,36
70,24,46
70,25,51
70,26,33
70,27,145
70,28,73
70,29,122
70,30,67
70,31,115
70,32,89
70,33,158
70,34,63
70,35,65
70,36,79
70,37,9
70,38,91
70,39,113
70,40,88
70,41,90
70,42,81
70,43,110
70,44,176
70,45,66
70,46,47
70,47,47
70,48,102
70,49,74
70,50,109
70,51,94
70,52,56
70,53,142
70,54,45
70,55,104
70,56,98
70,57,30
70,58,65
70,59,86
70,60,134
70,61,78
70,62,135
70,63,106
70,64,70
70,65,60
70,66,140
70,67,104
70,68,76
70,69,85
71,0,147
71,1,148
71,2,47
71,3,123
71,4,138
71,5,49
71,6,130
71,7,22
71,8,18
71,9,165
71,10,87
71,11,44
71,12,82
71,13,78
71,14,151
71,15,134
71,16,40
71,17,125
71,18,95
71,19,78
71,20,17
71,21,186
71,22,138
71,23,39
71,24,55
71,25,49
71,26,31
71,27,147
71,28,76
71,29,122
71,30,78
71,31,127
71,32,100
71,33,158
71,34,73
71,35,70
71,36,85
71,37,9
71,38,88
71,39,128
71,40,86
71,41,92
71,42,80
71,43,111
71,44,170
71,45,65
71,46,42
71,47,44
71,48,85
71,49,72
71,50,107
71,51,112
71,52,57
71,53,136
71,54,55
71,55,104
71,56,78
71,57,34
71,58,62
71,59,82
71,60,135
71,61,81
71,62,132
71,63,123
71,64,71
71,65,59
71,66,141
71,67,106
71,68,75
71,69,90
71,70,112
72,0,82
72,1,93
72,2,36
72,3,82
72,4,82
72,5,32
72,6,73
72,7,16
72,8,14
72,9,103
72,10,52
72,11,33
72,12,53
72,13,52
72,14,76
72,15,70
72,16,24
72,17,68
72,18,68
72,19,49
72,20,11
72,21,94
72,22,85
72,23,30
72,24,30
72,25,34
72,26,20
72,27,84
72,28,44
72,29,103
72,30,44
72,31,81
72,32,57
72,33,90
72,34,44
72,35,46
72,36,52
72,37,9
72,38,60
72,39,79
72,40,58
72,41,57
72,42,45
72,43,72
72,44,102
72,45,44
72,46,26
72,47,29
72,48,64
72,49,49
72,50,62
72,51,64
72,52,32
72,53,88
72,54,34
72,55,61
72,56,55
72,57,27
72,58,46
72,59,53
72,60,80
72,61,64
72,62,98
72,63,68
72,64,47
72,65,41
72,66,87
72,67,65
72,68,45
72,69,52
72,70,74
72,71,73
73,0,110
73,1,106
73,2,45
73,3,95
73,4,97
73,5,36
73,6,90
73,7,19
73,8,16
73,9,114
73,10,71
73,11,36
73,12,67
73,13,62
73,14,101
73,15,94
73,16,35
73,17,89
73,18,72
73,19,61
73,20,16
73,21,119
73,22,104
73,23,31
73,24,40
73,25,43
73,26,26
73,27,103
73,28,55
73,29,92
73,30,58
73,31,87
73,32,68
73,33,115
73,34,52
73,35,47
73,36,72
73,37,8
73,38,75
73,39,87
73,40,70
73,41,68
73,42,63
73,43,81
73,44,103
73,45,45
73,46,33
73,47,36
73,48,79
73,49,56
73,50,74
73,51,73
73,52,48
73,53,100
73,54,40
73,55,72
73,56,65
73,57,26
73,58,51
73,59,64
73,60,100
73,61,66
73,62,99
73,63,86
73,64,52
73,65,50
73,66,105
73,67,79
73,68,51
73,69,64
73,70,96
73,71,94
73,72,51
74,0,75
74,1,85
74,2,34
74,3,72
74,4,72
74,5,36
74,6,68
74,7,20
74,8,15
74,9,78
74,10,56
74,11,35
74,12,48
74,13,49
74,14,79
74,15,69
74,16,27
74,17,62
74,18,62
74,19,45
74,20,10
74,21,92
74,22,84
74,23,26
74,24,39
74,25,35
74,26,24
74,27,79
74,28,48
74,29,69
74,30,45
74,31,72
74,32,56
74,33,83
74,34,43
74,35,43
74,36,51
74,37,8
74,38,62
74,39,81
74,40,57
74,41,56
74,42,52
74,43,66
74,44,82
74,45,42
74,46,28
74,47,27
74,48,56
74,49,37
74,50,65
74,51,64
74,52,34
74,53,76
74,54,43
74,55,55
74,56,52
74,57,26
74,58,44
74,59,46
74,60,69
74,61,49
74,62,70
74,63,77
74,64,42
74,65,43
74,66,80
74,67,63
74,68,44
74,69,46
74,70,65
74,71,77
74,72,49
74,73,64
75,0,12
75,1,15
75,2,8
75,3,12
75,4,13
75,5,11
75,6,13
75,7,5
75,8,5
75,9,15
75,10,11
75,11,10
75,12,9
75,13,9
75,14,16
75,15,13
75,16,5
75,17,11
75,18,10
75,19,10
75,20,4
75,21,12
75,22,15
75,23,14
75,24,12
75,25,10
75,26,9
75,27,13
75,28,8
75,29,13
75,30,13
75,31,14
75,32,11
75,33,13
75,34,12
75,35,9
75,36,9
75,37,4
75,38,12
75,39,16
75,40,13
75,41,10
75,42,11
75,43,12
75,44,16
75,45,12
75,46,8
75,47,8
75,48,12
75,49,10
75,50,15
75,51,12
75,52,8
75,53,15
75,54,14
75,55,12
75,56,10
75,57,11
75,58,10
75,59,8
75,60,13
75,61,13
75,62,11
75,63,16
75,64,10
75,65,8
75,66,12
75,67,15
75,68,8
75,69,9
75,70,10
75,71,12
75,72,9
75,73,12
75,74,11
76,0,106
76,1,99
76,2,47
76,3,84
76,4,84
76,5,39
76,6,86
76,7,18
76,8,14
76,9,108
76,10,61
76,11,31
76,12,58
76,13,57
76,14,90
76,15,83
76,16,34
76,17,82
76,18,61
76,19,51
76,20,16
76,21,115
76,22,100
76,23,28
76,24,39
76,25,35
76,26,22
76,27,93
76,28,52
76,29,87
76,30,49
76,31,73
76,32,62
76,33,106
76,34,49
76,35,48
76,36,85
76,37,7
76,38,67
76,39,73
76,40,62
76,41,59
76,42,62
76,43,73
76,44,103
76,45,54
76,46,37
76,47,33
76,48,66
76,49,55
76,50,69
76,51,68
76,52,42
76,53,85
76,54,34
76,55,73
76,56,57
76,57,26
76,58,55
76,59,64
76,60,85
76,61,55
76,62,93
76,63,80
76,64,50
76,65,47
76,66,97
76,67,71
76,68,57
76,69,68
76,70,85
76,71,90
76,72,49
76,73,71
76,74,47
76,75,10
77,0,123
77,1,120
77,2,46
77,3,108
77,4,105
77,5,48
77,6,101
77,7,22
77,8,12
77,9,134
77,10,96
77,11,42
77,12,67
77,13,65
77,14,112
77,15,107
77,16,36
77,17,94
77,18,89
77,19,62
77,20,13
77,21,143
77,22,113
77,23,33
77,24,45
77,25,45
77,26,36
77,27,117
77,28,68
77,29,100
77,30,61
77,31,98
77,32,69
77,33,112
77,34,50
77,35,52
77,36,76
77,37,7
77,38,90
77,39,108
77,40,78
77,41,76
77,42,80
77,43,94
77,44,131
77,45,57
77,46,38
77,47,41
77,48,81
77,49,63
77,50,95
77,51,90
77,52,49
77,53,109
77,54,42
77,55,83
77,56,80
77,57,27
77,58,61
77,59,73
77,60,115
77,61,65
77,62,114
77,63,103
77,64,60
77,65,48
77,66,111
77,67,92
77,68,57
77,69,74
77,70,107
77,71,97
77,72,58
77,73,81
77,74,60
77,75,11
77,76,69
78,0,63
78,1,74
78,2,34
78,3,63
78,4,72
78,5,27
78,6,68
78,7,19
78,8,19
78,9,74
78,10,54
78,11,38
78,12,46
78,13,46
78,14,70
78,15,54
78,16,28
78,17,66
78,18,61
78,19,40
78,20,9
78,21,72
78,22,71
78,23,43
78,24,47
78,25,35
78,26,20
78,27,75
78,28,42
78,29,62
78,30,51
78,31,72
78,32,51
78,33,71
78,34,40
78,35,33
78,36,42
78,37,6
78,38,52
78,39,70
78,40,50
78,41,57
78,42,47
78,43,71
78,44,82
78,45,47
78,46,24
78,47,28
78,48,52
78,49,43
78,50,72
78,51,62
78,52,28
78,53,72
78,54,52
78,55,53
78,56,49
78,57,32
78,58,45
78,59,46
78,60,63
78,61,55
78,62,58
78,63,66
78,64,46
78,65,36
78,66,73
78,67,66
78,68,41
78,69,41
78,70,56
78,71,59
78,72,42
78,73,47
78,74,40
78,75,15
78,76,37
78,77,45
79,0,80
79,1,83
79,2,31
79,3,80
79,4,66
79,5,32
79,6,67
79,7,15
79,8,15
79,9,89
79,10,53
79,11,28
79,12,51
79,13,50
79,14,71
79,15,70
79,16,31
79,17,59
79,18,63
79,19,53
79,20,13
79,21,77
79,22,82
79,23,22
79,24,30
79,25,40
79,26,20
79,27,78
79,28,44
79,29,79
79,30,41
79,31,79
79,32,54
79,33,89
79,34,37
79,35,41
79,36,48
79,37,8
79,38,55
79,39,70
79,40,50
79,41,51
79,42,52
79,43,64
79,44,90
79,45,51
79,46,30
79,47,29
79,48,58
79,49,53
79,50,61
79,51,64
79,52,33
79,53,73
79,54,35
79,55,60
79,56,51
79,57,24
79,58,40
79,59,51
79,60,74
79,61,59
79,62,72
79,63,61
79,64,45
79,65,41
79,66,89
79,67,66
79,68,41
79,69,46
79,70,75
79,71,68
79,72,54
79,73,51
79,74,43
79,75,9
79,76,48
79,77,51
79,78,37
80,0,127
80,1,135
80,2,45
80,3,116
80,4,130
80,5,43
80,6,123
80,7,23
80,8,23
80,9,146
80,10,86
80,11,49
80,12,74
80,13,72
80,14,139
80,15,110
80,16,42
80,17,116
80,18,94
80,19,70
80,20,15
80,21,143
80,22,141
80,23,42
80,24,65
80,25,47
80,26,32
80,27,136
80,28,67
80,29,113
80,30,75
80,31,131
80,32,88
80,33,134
80,34,60
80,35,66
80,36,82
80,37,7
80,38,90
80,39,135
80,40,86
80,41,87
80,42,86
80,43,130
80,44,150
80,45,67
80,46,41
80,47,37
80,48,85
80,49,64
80,50,116
80,51,107
80,52,49
80,53,127
80,54,54
80,55,83
80,56,85
80,57,36
80,58,71
80,59,74
80,60,123
80,61,84
80,62,119
80,63,116
80,64,68
80,65,57
80,66,145
80,67,106
80,68,71
80,69,83
80,70,110
80,71,117
80,72,66
80,73,85
80,74,73
80,75,14
80,76,75
80,77,93
80,78,71
80,79,71
81,0,127
81,1,114
81,2,43
81,3,102
81,4,114
81,5,42
81,6,105
81,7,24
81,8,17
81,9,127
81,10,73
81,11,38
81,12,67
81,13,64
81,14,111
81,15,100
81,16,39
81,17,109
81,18,77
81,19,59
81,20,16
81,21,127
81,22,115
81,23,35
81,24,46
81,25,43
81,26,25
81,27,131
81,28,61
81,29,102
81,30,63
81,31,115
81,32,74
81,33,116
81,34,57
81,35,57
81,36,76
81,37,9
81,38,85
81,39,118
81,40,71
81,41,71
81,42,70
81,43,95
81,44,135
81,45,61
81,46,35
81,47,32
81,48,72
81,49,61
81,50,92
81,51,81
81,52,53
81,53,104
81,54,48
81,55,78
81,56,77
81,57,26
81,58,58
81,59,70
81,60,110
81,61,68
81,62,110
81,63,94
81,64,55
81,65,46
81,66,129
81,67,86
81,68,74
81,69,73
81,70,101
81,71,100
81,72,58
81,73,76
81,74,59
81,75,11
81,76,75
81,77,84
81,78,56
81,79,59
81,80,108
82,0,12
82,1,18
82,2,10
82,3,12
82,4,22
82,5,11
82,6,18
82,7,11
82,8,15
82,9,20
82,10,11
82,11,18
82,12,12
82,13,14
82,14,26
82,15,12
82,16,7
82,17,24
82,18,14
82,19,13
82,20,6
82,21,17
82,22,19
82,23,16
82,24,20
82,25,12
82,26,9
82,27,20
82,28,13
82,29,13
82,30,20
82,31,20
82,32,14
82,33,21
82,34,15
82,35,15
82,36,10
82,37,5
82,38,15
82,39,20
82,40,11
82,41,20
82,42,9
82,43,24
82,44,21
82,45,17
82,46,13
82,47,8
82,48,15
82,49,10
82,50,29
82,51,16
82,52,12
82,53,20
82,54,23
82,55,16
82,56,14
82,57,17
82,58,18
82,59,15
82,60,15
82,61,15
82,62,13
82,63,22
82,64,13
82,65,10
82,66,20
82,67,18
82,68,11
82,69,10
82,70,14
82,71,17
82,72,14
82,73,11
82,74,14
82,75,7
82,76,9
82,77,10
82,78,21
82,79,10
82,80,22
82,81,14
83,0,43
83,1,48
83,2,26
83,3,34
83,4,38
83,5,19
83,6,38
83,7,14
83,8,9
83,9,46
83,10,35
83,11,20
83,12,30
83,13,27
83,14,31
83,15,37
83,16,20
83,17,32
83,18,29
83,19,27
83,20,7
83,21,43
83,22,44
83,23,18
83,24,23
83,25,23
83,26,17
83,27,41
83,28,25
83,29,36
83,30,29
83,31,29
83,32,29
83,33,41
83,34,22
83,35,28
83,36,27
83,37,9
83,38,31
83,39,40
83,40,30
83,41,32
83,42,26
83,43,40
83,44,45
83,45,25
83,46,20
83,47,21
83,48,28
83,49,26
83,50,25
83,51,34
83,52,18
83,53,41
83,54,21
83,55,30
83,56,27
83,57,14
83,58,21
83,59,26
83,60,43
83,61,31
83,62,36
83,63,34
83,64,25
83,65,27
83,66,38
83,67,31
83,68,28
83,69,33
83,70,36
83,71,35
83,72,26
83,73,30
83,74,25
83,75,9
83,76,29
83,77,34
83,78,26
83,79,26
83,80,38
83,81,33
83,82,10
84,0,153
84,1,174
84,2,52
84,3,145
84,4,152
84,5,53
84,6,135
84,7,31
84,8,19
84,9,174
84,10,93
84,11,50
84,12,86
84,13,101
84,14,144
84,15,133
84,16,45
84,17,138
84,18,121
84,19,80
84,20,17
84,21,160
84,22,160
84,23,41
84,24,57
84,25,53
84,26,32
84,27,159
84,28,80
84,29,133
84,30,73
84,31,189
84,32,95
84,33,157
84,34,71
84,35,73
84,36,91
84,37,8
84,38,108
84,39,157
84,40,97
84,41,94
84,42,90
84,43,146
84,44,170
84,45,71
84,46,46
84,47,46
84,48,108
84,49,80
84,50,146
84,51,122
84,52,59
84,53,139
84,54,67
84,55,102
84,56,98
84,57,39
84,58,87
84,59,95
84,60,143
84,61,88
84,62,146
84,63,132
84,64,72
84,65,61
84,66,165
84,67,129
84,68,73
84,69,90
84,70,134
84,71,128
84,72,82
84,73,96
84,74,71
84,75,10
84,76,82
84,77,112
84,78,68
84,79,81
84,80,130
84,81,121
84,82,18
84,83,34
85,0,85
85,1,95
85,2,34
85,3,83
85,4,82
85,5,36
85,6,77
85,7,23
85,8,14
85,9,113
85,10,53
85,11,34
85,12,51
85,13,56
85,14,78
85,15,71
85,16,30
85,17,67
85,18,67
85,19,61
85,20,10
85,21,92
85,22,98
85,23,32
85,24,37
85,25,35
85,26,21
85,27,81
85,28,43
85,29,96
85,30,53
85,31,78
85,32,65
85,33,85
85,34,47
85,35,50
85,36,56
85,37,8
85,38,60
85,39,73
85,40,61
85,41,62
85,42,59
85,43,71
85,44,108
85,45,54
85,46,41
85,47,32
85,48,68
85,49,48
85,50,76
85,51,72
85,52,39
85,53,84
85,54,40
85,55,69
85,56,61
85,57,27
85,58,48
85,59,54
85,60,83
85,61,62
85,62,91
85,63,73
85,64,49
85,65,44
85,66,87
85,67,68
85,68,49
85,69,62
85,70,82
85,71,79
85,72,58
85,73,58
85,74,45
85,75,10
85,76,59
85,77,60
85,78,44
85,79,47
85,80,75
85,81,56
85,82,15
85,83,27
85,84,83
86,0,108
86,1,103
86,2,42
86,3,104
86,4,108
86,5,42
86,6,93
86,7,23
86,8,18
86,9,123
86,10,67
86,11,41
86,12,69
86,13,73
86,14,102
86,15,108
86,16,35
86,17,101
86,18,81
86,19,63
86,20,15
86,21,123
86,22,106
86,23,32
86,24,49
86,25,45
86,26,24
86,27,116
86,28,58
86,29,98
86,30,68
86,31,100
86,32,75
86,33,110
86,34,57
86,35,57
86,36,69
86,37,9
86,38,84
86,39,97
86,40,65
86,41,73
86,42,61
86,43,100
86,44,124
86,45,58
86,46,36
86,47,36
86,48,81
86,49,62
86,50,87
86,51,89
86,52,40
86,53,104
86,54,51
86,55,78
86,56,69
86,57,28
86,58,59
86,59,74
86,60,99
86,61,71
86,62,102
86,63,95
86,64,50
86,65,46
86,66,108
86,67,83
86,68,55
86,69,66
86,70,96
86,71,89
86,72,69
86,73,77
86,74,61
86,75,12
86,76,63
86,77,74
86,78,52
86,79,52
86,80,94
86,81,79
86,82,17
86,83,27
86,84,103
86,85,66
87,0,145
87,1,163
87,2,49
87,3,132
87,4,144
87,5,53
87,6,134
87,7,21
87,8,21
87,9,162
87,10,101
87,11,51
87,12,79
87,13,86
87,14,149
87,15,140
87,16,43
87,17,132
87,18,106
87,19,85
87,20,15
87,21,169
87,22,146
87,23,44
87,24,59
87,25,58
87,26,34
87,27,159
87,28,81
87,29,126
87,30,73
87,31,127
87,32,92
87,33,168
87,34,68
87,35,66
87,36,87
87,37,9
87,38,103
87,39,141
87,40,91
87,41,94
87,42,85
87,43,128
87,44,174
87,45,74
87,46,45
87,47,41
87,48,106
87,49,77
87,50,120
87,51,115
87,52,54
87,53,153
87,54,54
87,55,97
87,56,97
87,57,37
87,58,81
87,59,86
87,60,144
87,61,93
87,62,139
87,63,124
87,64,76
87,65,64
87,66,159
87,67,129
87,68,72
87,69,89
87,70,127
87,71,131
87,72,80
87,73,99
87,74,81
87,75,12
87,76,84
87,77,111
87,78,72
87,79,73
87,80,121
87,81,104
87,82,19
87,83,32
87,84,134
87,85,80
87,86,100
88,0,9
88,1,11
88,2,8
88,3,10
88,4,13
88,5,7
88,6,11
88,7,7
88,8,7
88,9,10
88,10,10
88,11,11
88,12,9
88,13,11
88,14,14
88,15,10
88,16,7
88,17,11
88,18,11
88,19,7
88,20,6
88,21,12
88,22,13
88,23,11
88,24,11
88,25,9
88,26,7
88,27,11
88,28,10
88,29,9
88,30,11
88,31,12
88,32,10
88,33,14
88,34,9
88,35,9
88,36,8
88,37,5
88,38,9
88,39,12
88,40,8
88,41,12
88,42,9
88,43,10
88,44,12
88,45,8
88,46,7
88,47,7
88,48,10
88,49,8
88,50,13
88,51,11
88,52,8
88,53,13
88,54,10
88,55,11
88,56,9
88,57,9
88,58,12
88,59,12
88,60,10
88,61,10
88,62,10
88,63,13
88,64,7
88,65,7
88,66,12
88,67,14
88,68,8
88,69,8
88,70,10
88,71,11
88,72,9
88,73,10
88,74,11
88,75,5
88,76,9
88,77,8
88,78,11
88,79,7
88,80,12
88,81,8
88,82,9
88,83,7
88,84,10
88,85,9
88,86,12
88,87,11
89,0,112
89,1,133
89,2,41
89,3,109
89,4,100
89,5,48
89,6,94
89,7,23
89,8,17
89,9,129
89,10,80
89,11,40
89,12,62
89,13,76
89,14,103
89,15,96
89,16,41
89,17,103
89,18,91
89,19,72
89,20,14
89,21,121
89,22,114
89,23,34
89,24,49
89,25,43
89,26,26
89,27,113
89,28,56
89,29,98
89,30,58
89,31,111
89,32,82
89,33,110
89,34,59
89,35,60
89,36,63
89,37,10
89,38,78
89,39,112
89,40,87
89,41,74
89,42,67
89,43,101
89,44,132
89,45,70
89,46,41
89,47,38
89,48,74
89,49,64
89,50,117
89,51,87
89,52,45
89,53,102
89,54,47
89,55,81
89,56,75
89,57,29
89,58,71
89,59,73
89,60,105
89,61,69
89,62,106
89,63,95
89,64,64
89,65,50
89,66,114
89,67,91
89,68,53
89,69,68
89,70,101
89,71,95
89,72,60
89,73,74
89,74,57
89,75,10
89,76,62
89,77,82
89,78,50
89,79,62
89,80,89
89,81,89
89,82,11
89,83,32
89,84,119
89,85,71
89,86,74
89,87,105
89,88,8
90,0,31
90,1,30
90,2,18
90,3,30
90,4,29
90,5,19
90,6,30
90,7,14
90,8,9
90,9,33
90,10,25
90,11,16
90,12,23
90,13,25
90,14,30
90,15,31
90,16,9
90,17,35
90,18,27
90,19,20
90,20,8
90,21,30
90,22,30
90,23,16
90,24,20
90,25,17
90,26,15
90,27,32
90,28,24
90,29,26
90,30,24
90,31,34
90,32,24
90,33,31
90,34,24
90,35,21
90,36,24
90,37,5
90,38,36
90,39,35
90,40,27
90,41,29
90,42,27
90,43,34
90,44,32
90,45,24
90,46,16
90,47,11
90,48,19
90,49,20
90,50,30
90,51,30
90,52,21
90,53,28
90,54,17
90,55,19
90,56,26
90,57,11
90,58,25
90,59,21
90,60,50
90,61,25
90,62,32
90,63,30
90,64,23
90,65,23
90,66,28
90,67,25
90,68,26
90,69,21
90,70,29
90,71,30
90,72,21
90,73,26
90,74,23
90,75,7
90,76,23
90,77,26
90,78,20
90,79,19
90,80,30
90,81,34
90,82,8
90,83,14
90,84,33
90,85,18
90,86,27
90,87,32
90,88,4
90,89,25
91,0,122
91,1,133
91,2,36
91,3,98
91,4,110
91,5,49
91,6,107
91,7,21
91,8,16
91,9,128
91,10,80
91,11,45
91,12,64
91,13,66
91,14,125
91,15,114
91,16,37
91,17,99
91,18,82
91,19,66
91,20,14
91,21,147
91,22,115
91,23,41
91,24,46
91,25,39
91,26,27
91,27,110
91,28,63
91,29,104
91,30,57
91,31,109
91,32,70
91,33,118
91,34,54
91,35,53
91,36,69
91,37,7
91,38,77
91,39,113
91,40,73
91,41,77
91,42,72
91,43,97
91,44,159
91,45,66
91,46,38
91,47,36
91,48,80
91,49,61
91,50,95
91,51,87
91,52,48
91,53,117
91,54,42
91,55,79
91,56,76
91,57,23
91,58,62
91,59,68
91,60,107
91,61,72
91,62,105
91,63,95
91,64,56
91,65,50
91,66,114
91,67,97
91,68,61
91,69,62
91,70,99
91,71,93
91,72,55
91,73,66
91,74,50
91,75,13
91,76,68
91,77,85
91,78,50
91,79,58
91,80,89
91,81,85
91,82,16
91,83,25
91,84,111
91,85,65
91,86,79
91,87,108
91,88,10
91,89,86
91,90,25
92,0,53
92,1,54
92,2,29
92,3,53
92,4,45
92,5,24
92,6,46
92,7,17
92,8,11
92,9,72
92,10,32
92,11,20
92,12,34
92,13,29
92,14,50
92,15,47
92,16,24
92,17,42
92,18,38
92,19,43
92,20,7
92,21,55
92,22,58
92,23,21
92,24,26
92,25,25
92,26,16
92,27,53
92,28,30
92,29,63
92,30,33
92,31,50
92,32,40
92,33,50
92,34,33
92,35,36
92,36,33
92,37,7
92,38,38
92,39,48
92,40,37
92,41,38
92,42,35
92,43,45
92,44,61
92,45,38
92,46,26
92,47,22
92,48,40
92,49,33
92,50,43
92,51,38
92,52,27
92,53,46
92,54,27
92,55,44
92,56,41
92,57,26
92,58,31
92,59,34
92,60,51
92,61,42
92,62,58
92,63,43
92,64,26
92,65,27
92,66,52
92,67,37
92,68,30
92,69,37
92,70,45
92,71,46
92,72,53
92,73,29
92,74,31
92,75,8
92,76,33
92,77,38
92,78,31
92,79,35
92,80,42
92,81,35
92,82,13
92,83,21
92,84,47
92,85,48
92,86,36
92,87,41
92,88,7
92,89,41
92,90,17
92,91,37
93,0,166
93,1,188
93,2,51
93,3,158
93,4,159
93,5,60
93,6,142
93,7,27
93,8,21
93,9,189
93,10,105
93,11,53
93,12,85
93,13,90
93,14,165
93,15,153
93,16,47
93,17,138
93,18,113
93,19,81
93,20,19
93,21,196
93,22,171
93,23,45
93,24,60
93,25,54
93,26,37
93,27,166
93,28,80
93,29,140
93,30,79
93,31,157
93,32,111
93,33,174
93,34,74
93,35,76
93,36,86
93,37,7
93,38,115
93,39,159
93,40,111
93,41,104
93,42,99
93,43,143
93,44,204
93,45,80
93,46,52
93,47,49
93,48,113
93,49,89
93,50,146
93,51,206
93,52,61
93,53,160
93,54,70
93,55,102
93,56,103
93,57,35
93,58,88
93,59,90
93,60,154
93,61,96
93,62,160
93,63,137
93,64,81
93,65,62
93,66,182
93,67,138
93,68,74
93,69,99
93,70,137
93,71,153
93,72,79
93,73,94
93,74,75
93,75,14
93,76,93
93,77,124
93,78,72
93,79,79
93,80,140
93,81,119
93,82,16
93,83,39
93,84,175
93,85,88
93,86,114
93,87,157
93,88,10
93,89,119
93,90,33
93,91,126
93,92,49
94,0,98
94,1,102
94,2,36
94,3,79
94,4,97
94,5,39
94,6,89
94,7,16
94,8,14
94,9,102
94,10,68
94,11,33
94,12,57
94,13,50
94,14,88
94,15,84
94,16,34
94,17,92
94,18,73
94,19,51
94,20,17
94,21,98
94,22,96
94,23,29
94,24,37
94,25,38
94,26,26
94,27,90
94,28,41
94,29,75
94,30,53
94,31,85
94,32,63
94,33,96
94,34,45
94,35,48
94,36,59
94,37,6
94,38,69
94,39,86
94,40,67
94,41,60
94,42,58
94,43,73
94,44,105
94,45,50
94,46,34
94,47,30
94,48,66
94,49,51
94,50,76
94,51,72
94,52,36
94,53,90
94,54,36
94,55,61
94,56,65
94,57,28
94,58,50
94,59,57
94,60,84
94,61,52
94,62,77
94,63,78
94,64,47
94,65,42
94,66,95
94,67,74
94,68,54
94,69,62
94,70,84
94,71,75
94,72,48
94,73,63
94,74,45
94,75,11
94,76,58
94,77,75
94,78,45
94,79,47
94,80,81
94,81,71
94,82,14
94,83,26
94,84,90
94,85,52
94,86,62
94,87,91
94,88,9
94,89,58
94,90,28
94,91,61
94,92,33
94,93,101
95,0,21
95,1,26
95,2,14
95,3,20
95,4,28
95,5,14
95,6,23
95,7,15
95,8,12
95,9,27
95,10,21
95,11,21
95,12,19
95,13,24
95,14,28
95,15,22
95,16,11
95,17,28
95,18,26
95,19,17
95,20,7
95,21,28
95,22,26
95,23,15
95,24,18
95,25,15
95,26,10
95,27,25
95,28,24
95,29,22
95,30,24
95,31,29
95,32,23
95,33,27
95,34,19
95,35,20
95,36,18
95,37,5
95,38,22
95,39,27
95,40,19
95,41,24
95,42,17
95,43,29
95,44,25
95,45,22
95,46,12
95,47,11
95,48,23
95,49,16
95,50,29
95,51,23
95,52,17
95,53,28
95,54,22
95,55,21
95,56,20
95,57,15
95,58,19
95,59,22
95,60,23
95,61,22
95,62,23
95,63,30
95,64,18
95,65,11
95,66,28
95,67,26
95,68,18
95,69,17
95,70,20
95,71,26
95,72,17
95,73,18
95,74,21
95,75,6
95,76,18
95,77,16
95,78,23
95,79,13
95,80,27
95,81,23
95,82,16
95,83,12
95,84,24
95,85,22
95,86,26
95,87,27
95,88,11
95,89,22
95,90,9
95,91,22
95,92,13
95,93,28
95,94,17
96,0,98
96,1,88
96,2,35
96,3,77
96,4,77
96,5,34
96,6,75
96,7,15
96,8,17
96,9,99
96,10,59
96,11,34
96,12,53
96,13,57
96,14,78
96,15,82
96,16,33
96,17,71
96,18,64
96,19,60
96,20,14
96,21,105
96,22,83
96,23,29
96,24,40
96,25,36
96,26,16
96,27,84
96,28,46
96,29,73
96,30,57
96,31,77
96,32,62
96,33,99
96,34,45
96,35,47
96,36,61
96,37,7
96,38,61
96,39,72
96,40,52
96,41,58
96,42,54
96,43,70
96,44,97
96,45,50
96,46,26
96,47,32
96,48,63
96,49,53
96,50,68
96,51,62
96,52,40
96,53,80
96,54,39
96,55,166
96,56,61
96,57,29
96,58,45
96,59,57
96,60,89
96,61,58
96,62,84
96,63,69
96,64,44
96,65,38
96,66,82
96,67,68
96,68,51
96,69,60
96,70,78
96,71,78
96,72,41
96,73,57
96,74,43
96,75,10
96,76,59
96,77,65
96,78,40
96,79,49
96,80,65
96,81,61
96,82,14
96,83,23
96,84,79
96,85,54
96,86,56
96,87,78
96,88,10
96,89,62
96,90,18
96,91,62
96,92,37
96,93,81
96,94,50
96,95,19
97,0,129
97,1,142
97,2,53
97,3,135
97,4,115
97,5,48
97,6,114
97,7,23
97,8,15
97,9,146
97,10,92
97,11,43
97,12,64
97,13,65
97,14,125
97,15,116
97,16,37
97,17,107
97,18,88
97,19,75
97,20,14
97,21,146
97,22,134
97,23,38
97,24,49
97,25,47
97,26,29
97,27,130
97,28,69
97,29,123
97,30,63
97,31,126
97,32,83
97,33,133
97,34,66
97,35,62
97,36,79
97,37,8
97,38,93
97,39,118
97,40,80
97,41,86
97,42,74
97,43,107
97,44,160
97,45,67
97,46,44
97,47,38
97,48,86
97,49,74
97,50,97
97,51,96
97,52,49
97,53,118
97,54,45
97,55,98
97,56,84
97,57,27
97,58,73
97,59,81
97,60,133
97,61,76
97,62,123
97,63,108
97,64,69
97,65,52
97,66,132
97,67,109
97,68,62
97,69,84
97,70,118
97,71,114
97,72,70
97,73,87
97,74,67
97,75,13
97,76,81
97,77,98
97,78,59
97,79,70
97,80,104
97,81,89
97,82,15
97,83,33
97,84,124
97,85,76
97,86,87
97,87,125
97,88,9
97,89,93
97,90,25
97,91,95
97,92,46
97,93,131
97,94,68
97,95,21
97,96,71
98,0,88
98,1,84
98,2,39
98,3,89
98,4,79
98,5,39
98,6,75
98,7,18
98,8,13
98,9,97
98,10,65
98,11,31
98,12,55
98,13,53
98,14,74
98,15,85
98,16,37
98,17,69
98,18,56
98,19,55
98,20,12
98,21,93
98,22,80
98,23,28
98,24,39
98,25,34
98,26,23
98,27,82
98,28,49
98,29,73
98,30,46
98,31,75
98,32,59
98,33,87
98,34,45
98,35,54
98,36,52
98,37,8
98,38,66
98,39,75
98,40,57
98,41,56
98,42,53
98,43,67
98,44,94
98,45,58
98,46,29
98,47,31
98,48,62
98,49,55
98,50,62
98,51,64
98,52,37
98,53,84
98,54,31
98,55,66
98,56,60
98,57,23
98,58,43
98,59,59
98,60,86
98,61,55
98,62,86
98,63,72
98,64,44
98,65,44
98,66,85
98,67,68
98,68,46
98,69,64
98,70,77
98,71,77
98,72,49
98,73,56
98,74,42
98,75,11
98,76,54
98,77,62
98,78,38
98,79,49
98,80,68
98,81,65
98,82,10
98,83,26
98,84,81
98,85,58
98,86,63
98,87,80
98,88,9
98,89,66
98,90,24
98,91,65
98,92,35
98,93,87
98,94,52
98,95,18
98,96,57
98,97,69
99,0,213
99,1,228
99,2,60
99,3,192
99,4,187
99,5,65
99,6,166
99,7,33
99,8,22
99,9,261
99,10,126
99,11,55
99,12,94
99,13,102
99,14,185
99,15,174
99,16,55
99,17,166
99,18,131
99,19,106
99,20,19
99,21,228
99,22,207
99,23,48
99,24,61
99,25,60
99,26,37
99,27,202
99,28,89
99,29,179
99,30,92
99,31,174
99,32,112
99,33,213
99,34,83
99,35,83
99,36,111
99,37,8
99,38,129
99,39,165
99,40,115
99,41,118
99,42,110
99,43,169
99,44,261
99,45,90
99,46,50
99,47,54
99,48,133
99,49,102
99,50,145
99,51,132
99,52,74
99,53,191
99,54,69
99,55,140
99,56,130
99,57,36
99,58,87
99,59,110
99,60,208
99,61,124
99,62,213
99,63,161
99,64,86
99,65,77
99,66,207
99,67,150
99,68,94
99,69,114
99,70,174
99,71,160
99,72,105
99,73,112
99,74,89
99,75,19
99,76,104
99,77,133
99,78,85
99,79,99
99,80,152
99,81,134
99,82,17
99,83,44
99,84,192
99,85,103
99,86,129
99,87,175
99,88,12
99,89,138
99,90,36
99,91,145
99,92,65
99,93,200
99,94,106
99,95,25
99,96,105
99,97,162
99,98,94
100,0,149
100,1,149
100,2,51
100,3,128
100,4,142
100,5,46
100,6,135
100,7,22
100,8,18
100,9,164
100,10,83
100,11,45
100,12,77
100,13,73
100,14,142
100,15,109
100,16,42
100,17,119
100,18,93
100,19,89
100,20,18
100,21,170
100,22,136
100,23,38
100,24,46
100,25,46
100,26,28
100,27,139
100,28,71
100,29,127
100,30,84
100,31,127
100,32,94
100,33,154
100,34,61
100,35,66
100,36,82
100,37,8
100,38,95
100,39,119
100,40,82
100,41,91
100,42,73
100,43,109
100,44,167
100,45,67
100,46,45
100,47,44
100,48,92
100,49,70
100,50,103
100,51,103
100,52,58
100,53,140
100,54,48
100,55,106
100,56,78
100,57,34
100,58,69
100,59,85
100,60,134
100,61,80
100,62,124
100,63,105
100,64,66
100,65,54
100,66,140
100,67,101
100,68,78
100,69,86
100,70,118
100,71,132
100,72,66
100,73,87
100,74,72
100,75,11
100,76,82
100,77,102
100,78,55
100,79,69
100,80,114
100,81,101
100,82,16
100,83,35
100,84,126
100,85,79
100,86,89
100,87,123
100,88,12
100,89,90
100,90,25
100,91,102
100,92,45
100,93,142
100,94,73
100,95,24
100,96,81
100,97,122
100,98,68
100,99,165
101,0,74
101,1,73
101,2,27
101,3,62
101,4,60
101,5,28
101,6,59
101,7,17
101,8,11
101,9,75
101,10,41
101,11,24
101,12,49
101,13,40
101,14,60
101,15,71
101,16,27
101,17,54
101,18,50
101,19,40
101,20,14
101,21,72
101,22,67
101,23,25
101,24,30
101,25,30
101,26,21
101,27,67
101,28,41
101,29,54
101,30,37
101,31,58
101,32,46
101,33,68
101,34,37
101,35,33
101,36,39
101,37,8
101,38,46
101,39,56
101,40,45
101,41,50
101,42,44
101,43,55
101,44,77
101,45,42
101,46,25
101,47,29
101,48,49
101,49,38
101,50,50
101,51,53
101,52,38
101,53,65
101,54,28
101,55,46
101,56,48
101,57,20
101,58,40
101,59,44
101,60,63
101,61,44
101,62,64
101,63,54
101,64,40
101,65,33
101,66,66
101,67,55
101,68,38
101,69,43
101,70,60
101,71,54
101,72,34
101,73,46
101,74,35
101,75,8
101,76,44
101,77,52
101,78,26
101,79,42
101,80,50
101,81,48
101,82,10
101,83,26
101,84,61
101,85,42
101,86,43
101,87,62
101,88,6
101,89,47
101,90,20
101,91,50
101,92,26
101,93,63
101,94,42
101,95,13
101,96,41
101,97,56
101,98,41
101,99,78
101,100,50
102,0,104
102,1,110
102,2,38
102,3,93
102,4,95
102,5,41
102,6,90
102,7,21
102,8,18
102,9,114
102,10,65
102,11,39
102,12,62
102,13,68
102,14,94
102,15,81
102,16,39
102,17,90
102,18,76
102,19,59
102,20,14
102,21,108
102,22,102
102,23,30
102,24,39
102,25,45
102,26,27
102,27,104
102,28,56
102,29,79
102,30,63
102,31,96
102,32,67
102,33,102
102,34,50
102,35,52
102,36,67
102,37,7
102,38,82
102,39,98
102,40,69
102,41,69
102,42,68
102,43,93
102,44,106
102,45,55
102,46,37
102,47,35
102,48,73
102,49,55
102,50,81
102,51,82
102,52,40
102,53,97
102,54,47
102,55,72
102,56,67
102,57,29
102,58,53
102,59,64
102,60,101
102,61,60
102,62,98
102,63,89
102,64,54
102,65,43
102,66,101
102,67,74
102,68,56
102,69,62
102,70,87
102,71,81
102,72,52
102,73,67
102,74,60
102,75,11
102,76,61
102,77,78
102,78,50
102,79,48
102,80,86
102,81,79
102,82,16
102,83,33
102,84,113
102,85,62
102,86,80
102,87,100
102,88,9
102,89,71
102,90,29
102,91,71
102,92,34
102,93,97
102,94,65
102,95,21
102,96,61
102,97,81
102,98,58
102,99,120
102,100,89
102,101,45
103,0,171
103,1,172
103,2,55
103,3,129
103,4,133
103,5,45
103,6,122
103,7,20
103,8,15
103,9,180
103,10,98
103,11,48
103,12,86
103,13,78
103,14,130
103,15,150
103,16,41
103,17,125
103,18,103
103,19,84
103,20,18
103,21,181
103,22,162
103,23,39
103,24,52
103,25,52
103,26,30
103,27,156
103,28,66
103,29,132
103,30,72
103,31,136
103,32,94
103,33,156
103,34,66
103,35,72
103,36,92
103,37,10
103,38,99
103,39,129
103,40,95
103,41,87
103,42,81
103,43,123
103,44,172
103,45,69
103,46,43
103,47,48
103,48,103
103,49,78
103,50,110
103,51,111
103,52,58
103,53,153
103,54,49
103,55,105
103,56,81
103,57,31
103,58,73
103,59,81
103,60,135
103,61,86
103,62,144
103,63,125
103,64,70
103,65,65
103,66,149
103,67,119
103,68,70
103,69,95
103,70,131
103,71,134
103,72,76
103,73,100
103,74,74
103,75,12
103,76,90
103,77,111
103,78,51
103,79,74
103,80,123
103,81,102
103,82,12
103,83,42
103,84,139
103,85,89
103,86,95
103,87,135
103,88,8
103,89,105
103,90,28
103,91,100
103,92,48
103,93,156
103,94,97
103,95,19
103,96,85
103,97,122
103,98,78
103,99,179
103,100,129
103,101,68
103,102,90
104,0,162
104,1,168
104,2,49
104,3,140
104,4,147
104,5,54
104,6,128
104,7,23
104,8,18
104,9,178
104,10,103
104,11,42
104,12,80
104,13,82
104,14,144
104,15,130
104,16,45
104,17,134
104,18,98
104,19,81
104,20,19
104,21,177
104,22,151
104,23,37
104,24,47
104,25,49
104,26,29
104,27,148
104,28,75
104,29,129
104,30,64
104,31,127
104,32,89
104,33,154
104,34,66
104,35,64
104,36,88
104,37,8
104,38,111
104,39,125
104,40,90
104,41,95
104,42,82
104,43,120
104,44,190
104,45,66
104,46,41
104,47,42
104,48,95
104,49,81
104,50,115
104,51,108
104,52,57
104,53,150
104,54,46
104,55,99
104,56,92
104,57,27
104,58,74
104,59,86
104,60,136
104,61,86
104,62,136
104,63,119
104,64,66
104,65,68
104,66,154
104,67,102
104,68,64
104,69,94
104,70,125
104,71,117
104,72,74
104,73,89
104,74,65
104,75,10
104,76,85
104,77,106
104,78,58
104,79,67
104,80,109
104,81,101
104,82,11
104,83,41
104,84,140
104,85,82
104,86,94
104,87,146
104,88,9
104,89,105
104,90,30
104,91,114
104,92,50
104,93,157
104,94,88
104,95,23
104,96,78
104,97,127
104,98,76
104,99,190
104,100,124
104,101,60
104,102,102
104,103,141
105,0,67
105,1,61
105,2,26
105,3,62
105,4,67
105,5,25
105,6,63
105,7,14
105,8,19
105,9,78
105,10,44
105,11,33
105,12,39
105,13,47
105,14,71
105,15,51
105,16,24
105,17,65
105,18,57
105,19,44
105,20,13
105,21,73
105,22,64
105,23,20
105,24,35
105,25,30
105,26,23
105,27,72
105,28,39
105,29,59
105,30,42
105,31,69
105,32,48
105,33,69
105,34,32
105,35,36
105,36,41
105,37,6
105,38,50
105,39,68
105,40,40
105,41,55
105,42,37
105,43,64
105,44,72
105,45,40
105,46,21
105,47,28
105,48,46
105,49,33
105,50,66
105,51,60
105,52,29
105,53,71
105,54,46
105,55,53
105,56,44
105,57,27
105,58,42
105,59,44
105,60,62
105,61,41
105,62,57
105,63,61
105,64,38
105,65,29
105,66,72
105,67,56
105,68,37
105,69,43
105,70,55
105,71,62
105,72,41
105,73,47
105,74,43
105,75,12
105,76,40
105,77,48
105,78,50
105,79,37
105,80,68
105,81,57
105,82,24
105,83,20
105,84,72
105,85,40
105,86,55
105,87,56
105,88,11
105,89,51
105,90,21
105,91,49
105,92,25
105,93,65
105,94,48
105,95,20
105,96,46
105,97,54
105,98,34
105,99,79
105,100,64
105,101,31
105,102,55
105,103,62
105,104,63
106,0,107
106,1,105
106,2,38
106,3,100
106,4,96
106,5,41
106,6,97
106,7,17
106,8,14
106,9,111
106,10,58
106,11,39
106,12,58
106,13,71
106,14,108
106,15,90
106,16,39
106,17,95
106,18,79
106,19,71
106,20,14
106,21,115
106,22,105
106,23,31
106,24,47
106,25,45
106,26,22
106,27,114
106,28,56
106,29,98
106,30,56
106,31,94
106,32,78
106,33,117
106,34,50
106,35,55
106,36,75
106,37,9
106,38,75
106,39,99
106,40,69
106,41,79
106,42,61
106,43,87
106,44,125
106,45,59
106,46,35
106,47,33
106,48,79
106,49,60
106,50,82
106,51,75
106,52,42
106,53,106
106,54,44
106,55,76
106,56,64
106,57,29
106,58,55
106,59,67
106,60,103
106,61,69
106,62,100
106,63,94
106,64,59
106,65,48
106,66,106
106,67,84
106,68,59
106,69,67
106,70,89
106,71,98
106,72,66
106,73,65
106,74,62
106,75,11
106,76,66
106,77,71
106,78,50
106,79,61
106,80,84
106,81,84
106,82,16
106,83,27
106,84,102
106,85,61
106,86,72
106,87,100
106,88,10
106,89,80
106,90,23
106,91,78
106,92,37
106,93,97
106,94,57
106,95,23
106,96,62
106,97,88
106,98,57
106,99,127
106,100,95
106,101,47
106,102,71
106,103,91
106,104,87
106,105,48
107,0,53
107,1,56
107,2,20
107,3,46
107,4,52
107,5,22
107,6,49
107,7,14
107,8,16
107,9,58
107,10,37
107,11,28
107,12,38
107,13,38
107,14,56
107,15,47
107,16,21
107,17,43
107,18,58
107,19,31
107,20,8
107,21,58
107,22,57
107,23,28
107,24,37
107,25,31
107,26,19
107,27,55
107,28,35
107,29,41
107,30,39
107,31,58
107,32,39
107,33,52
107,34,35
107,35,28
107,36,32
107,37,8
107,38,45
107,39,54
107,40,44
107,41,47
107,42,43
107,43,55
107,44,57
107,45,35
107,46,25
107,47,26
107,48,44
107,49,34
107,50,61
107,51,47
107,52,28
107,53,50
107,54,27
107,55,39
107,56,39
107,57,23
107,58,50
107,59,32
107,60,49
107,61,43
107,62,49
107,63,56
107,64,38
107,65,31
107,66,54
107,67,63
107,68,28
107,69,33
107,70,45
107,71,48
107,72,32
107,73,39
107,74,29
107,75,12
107,76,35
107,77,44
107,78,38
107,79,36
107,80,53
107,81,41
107,82,15
107,83,17
107,84,52
107,85,37
107,86,41
107,87,53
107,88,10
107,89,47
107,90,18
107,91,42
107,92,25
107,93,58
107,94,35
107,95,16
107,96,34
107,97,47
107,98,34
107,99,58
107,100,44
107,101,29
107,102,35
107,103,51
107,104,45
107,105,33
107,106,40
108,0,68
108,1,64
108,2,33
108,3,66
108,4,63
108,5,32
108,6,59
108,7,16
108,8,12
108,9,76
108,10,48
108,11,31
108,12,51
108,13,44
108,14,62
108,15,65
108,16,30
108,17,60
108,18,52
108,19,46
108,20,14
108,21,76
108,22,70
108,23,33
108,24,41
108,25,32
108,26,24
108,27,63
108,28,46
108,29,54
108,30,38
108,31,65
108,32,52
108,33,65
108,34,48
108,35,40
108,36,45
108,37,6
108,38,54
108,39,78
108,40,55
108,41,43
108,42,46
108,43,66
108,44,82
108,45,45
108,46,27
108,47,30
108,48,50
108,49,43
108,50,55
108,51,58
108,52,30
108,53,69
108,54,31
108,55,54
108,56,50
108,57,20
108,58,48
108,59,50
108,60,71
108,61,45
108,62,66
108,63,72
108,64,38
108,65,34
108,66,71
108,67,60
108,68,38
108,69,50
108,70,54
108,71,64
108,72,38
108,73,48
108,74,38
108,75,10
108,76,46
108,77,58
108,78,36
108,79,38
108,80,59
108,81,62
108,82,11
108,83,23
108,84,65
108,85,38
108,86,55
108,87,65
108,88,8
108,89,58
108,90,23
108,91,62
108,92,28
108,93,75
108,94,50
108,95,18
108,96,43
108,97,61
108,98,46
108,99,75
108,100,58
108,101,30
108,102,49
108,103,65
108,104,63
108,105,39
108,106,48
108,107,33
109,0,164
109,1,173
109,2,53
109,3,144
109,4,145
109,5,58
109,6,126
109,7,27
109,8,18
109,9,174
109,10,101
109,11,50
109,12,82
109,13,80
109,14,147
109,15,143
109,16,41
109,17,129
109,18,114
109,19,85
109,20,18
109,21,167
109,22,151
109,23,43
109,24,57
109,25,53
109,26,33
109,27,141
109,28,75
109,29,133
109,30,74
109,31,136
109,32,94
109,33,172
109,34,67
109,35,69
109,36,85
109,37,9
109,38,110
109,39,144
109,40,96
109,41,97
109,42,84
109,43,129
109,44,177
109,45,73
109,46,39
109,47,42
109,48,106
109,49,83
109,50,115
109,51,97
109,52,55
109,53,144
109,54,62
109,55,106
109,56,93
109,57,29
109,58,71
109,59,89
109,60,143
109,61,87
109,62,145
109,63,125
109,64,70
109,65,63
109,66,150
109,67,117
109,68,71
109,69,89
109,70,140
109,71,119
109,72,78
109,73,91
109,74,73
109,75,11
109,76,86
109,77,110
109,78,67
109,79,80
109,80,111
109,81,106
109,82,17
109,83,40
109,84,146
109,85,86
109,86,92
109,87,143
109,88,11
109,89,110
109,90,28
109,91,114
109,92,44
109,93,155
109,94,84
109,95,25
109,96,80
109,97,123
109,98,78
109,99,187
109,100,126
109,101,65
109,102,90
109,103,138
109,104,139
109,105,61
109,106,94
109,107,51
109,108,63
110,0,73
110,1,81
110,2,30
110,3,60
110,4,76
110,5,31
110,6,69
110,7,20
110,8,16
110,9,89
110,10,55
110,11,32
110,12,53
110,13,51
110,14,81
110,15,73
110,16,21
110,17,74
110,18,59
110,19,44
110,20,10
110,21,83
110,22,76
110,23,48
110,24,50
110,25,35
110,26,23
110,27,74
110,28,48
110,29,64
110,30,42
110,31,75
110,32,51
110,33,85
110,34,47
110,35,45
110,36,49
110,37,6
110,38,56
110,39,108
110,40,60
110,41,57
110,42,57
110,43,74
110,44,94
110,45,49
110,46,29
110,47,30
110,48,60
110,49,47
110,50,68
110,51,63
110,52,32
110,53,76
110,54,41
110,55,47
110,56,53
110,57,27
110,58,53
110,59,51
110,60,76
110,61,52
110,62,66
110,63,84
110,64,41
110,65,38
110,66,76
110,67,75
110,68,41
110,69,45
110,70,67
110,71,77
110,72,40
110,73,49
110,74,44
110,75,13
110,76,46
110,77,59
110,78,49
110,79,43
110,80,72
110,81,57
110,82,18
110,83,21
110,84,72
110,85,44
110,86,59
110,87,81
110,88,11
110,89,53
110,90,21
110,91,70
110,92,32
110,93,82
110,94,54
110,95,22
110,96,41
110,97,67
110,98,45
110,99,94
110,100,64
110,101,34
110,102,46
110,103,65
110,104,66
110,105,38
110,106,51
110,107,41
110,108,51
110,109,79
111,0,9
111,1,9
111,2,7
111,3,9
111,4,9
111,5,8
111,6,9
111,7,5
111,8,8
111,9,9
111,10,9
111,11,7
111,12,8
111,13,7
111,14,9
111,15,9
111,16,4
111,17,9
111,18,8
111,19,8
111,20,4
111,21,8
111,22,9
111,23,8
111,24,8
111,25,8
111,26,8
111,27,9
111,28,6
111,29,9
111,30,11
111,31,9
111,32,8
111,33,9
111,34,12
111,35,10
111,36,7
111,37,4
111,38,9
111,39,9
111,40,9
111,41,9
111,42,8
111,43,9
111,44,10
111,45,9
111,46,10
111,47,7
111,48,8
111,49,8
111,50,12
111,51,9
111,52,10
111,53,9
111,54,7
111,55,7
111,56,11
111,57,10
111,58,7
111,59,7
111,60,9
111,61,8
111,62,9
111,63,9
111,64,9
111,65,7
111,66,9
111,67,9
111,68,7
111,69,8
111,70,8
111,71,9
111,72,8
111,73,9
111,74,9
111,75,25
111,76,8
111,77,9
111,78,9
111,79,7
111,80,9
111,81,9
111,82,7
111,83,8
111,84,8
111,85,7
111,86,9
111,87,8
111,88,3
111,89,9
111,90,7
111,91,8
111,92,6
111,93,10
111,94,9
111,95,5
111,96,7
111,97,9
111,98,9
111,99,11
111,100,8
111,101,8
111,102,9
111,103,9
111,104,9
111,105,8
111,106,7
111,107,8
111,108,9
111,109,9
111,110,9
112,0,178
112,1,158
112,2,53
112,3,136
112,4,146
112,5,52
112,6,133
112,7,23
112,8,16
112,9,182
112,10,98
112,11,41
112,12,88
112,13,77
112,14,147
112,15,144
112,16,49
112,17,126
112,18,105
112,19,86
112,20,17
112,21,193
112,22,162
112,23,45
112,24,48
112,25,51
112,26,34
112,27,162
112,28,68
112,29,128
112,30,81
112,31,128
112,32,97
112,33,155
112,34,62
112,35,76
112,36,92
112,37,9
112,38,96
112,39,131
112,40,83
112,41,86
112,42,88
112,43,126
112,44,174
112,45,65
112,46,45
112,47,48
112,48,105
112,49,81
112,50,100
112,51,112
112,52,61
112,53,154
112,54,48
112,55,109
112,56,92
112,57,30
112,58,68
112,59,94
112,60,148
112,61,81
112,62,149
112,63,109
112,64,70
112,65,68
112,66,150
112,67,116
112,68,86
112,69,103
112,70,141
112,71,136
112,72,75
112,73,93
112,74,77
112,75,11
112,76,86
112,77,116
112,78,52
112,79,79
112,80,130
112,81,108
112,82,10
112,83,41
112,84,140
112,85,81
112,86,99
112,87,138
112,88,9
112,89,97
112,90,30
112,91,107
112,92,45
112,93,149
112,94,85
112,95,20
112,96,81
112,97,122
112,98,79
112,99,197
112,100,134
112,101,60
112,102,96
112,103,158
112,104,139
112,105,62
112,106,96
112,107,47
112,108,64
112,109,138
112,110,73
112,111,9
113,0,31
113,1,31
113,2,19
113,3,26
113,4,31
113,5,19
113,6,26
113,7,11
113,8,13
113,9,33
113,10,20
113,11,18
113,12,25
113,13,23
113,14,32
113,15,31
113,16,14
113,17,25
113,18,27
113,19,22
113,20,7
113,21,32
113,22,33
113,23,16
113,24,21
113,25,23
113,26,12
113,27,30
113,28,23
113,29,30
113,30,23
113,31,30
113,32,26
113,33,31
113,34,24
113,35,24
113,36,24
113,37,8
113,38,25
113,39,32
113,40,26
113,41,29
113,42,22
113,43,29
113,44,34
113,45,26
113,46,19
113,47,17
113,48,28
113,49,22
113,50,31
113,51,30
113,52,20
113,53,32
113,54,18
113,55,24
113,56,26
113,57,20
113,58,25
113,59,21
113,60,31
113,61,27
113,62,29
113,63,31
113,64,22
113,65,22
113,66,31
113,67,29
113,68,19
113,69,22
113,70,26
113,71,32
113,72,22
113,73,25
113,74,23
113,75,8
113,76,24
113,77,25
113,78,21
113,79,24
113,80,31
113,81,24
113,82,14
113,83,15
113,84,29
113,85,22
113,86,28
113,87,30
113,88,8
113,89,27
113,90,11
113,91,26
113,92,15
113,93,34
113,94,25
113,95,14
113,96,17
113,97,29
113,98,21
113,99,32
113,100,27
113,101,21
113,102,24
113,103,31
113,104,25
113,105,19
113,106,26
113,107,19
113,108,24
113,109,32
113,110,22
113,111,9
113,112,31
114,0,151
114,1,144
114,2,51
114,3,116
114,4,137
114,5,47
114,6,114
114,7,21
114,8,18
114,9,163
114,10,90
114,11,47
114,12,75
114,13,71
114,14,131
114,15,123
114,16,41
114,17,118
114,18,95
114,19,71
114,20,17
114,21,153
114,22,138
114,23,35
114,24,49
114,25,45
114,26,30
114,27,130
114,28,70
114,29,113
114,30,74
114,31,115
114,32,91
114,33,135
114,34,56
114,35,67
114,36,78
114,37,9
114,38,95
114,39,113
114,40,85
114,41,86
114,42,79
114,43,106
114,44,160
114,45,63
114,46,38
114,47,37
114,48,86
114,49,71
114,50,99
114,51,99
114,52,52
114,53,127
114,54,47
114,55,89
114,56,75
114,57,29
114,58,64
114,59,89
114,60,119
114,61,79
114,62,126
114,63,113
114,64,69
114,65,54
114,66,132
114,67,103
114,68,71
114,69,82
114,70,114
114,71,108
114,72,70
114,73,90
114,74,71
114,75,11
114,76,80
114,77,97
114,78,59
114,79,72
114,80,113
114,81,94
114,82,15
114,83,39
114,84,118
114,85,69
114,86,87
114,87,113
114,88,10
114,89,91
114,90,29
114,91,99
114,92,48
114,93,132
114,94,87
114,95,22
114,96,68
114,97,110
114,98,73
114,99,160
114,100,114
114,101,60
114,102,91
114,103,136
114,104,115
114,105,57
114,106,92
114,107,44
114,108,56
114,109,120
114,110,61
114,111,9
114,112,134
114,113,25
115,0,192
115,1,187
115,2,61
115,3,161
115,4,167
115,5,61
115,6,146
115,7,27
115,8,21
115,9,203
115,10,106
115,11,49
115,12,96
115,13,92
115,14,170
115,15,162
115,16,52
115,17,144
115,18,111
115,19,101
115,20,19
115,21,200
115,22,168
115,23,48
115,24,54
115,25,57
115,26,34
115,27,176
115,28,88
115,29,151
115,30,85
115,31,157
115,32,106
115,33,183
115,34,77
115,35,80
115,36,87
115,37,8
115,38,111
115,39,142
115,40,103
115,41,103
115,42,94
115,43,137
115,44,232
115,45,83
115,46,52
115,47,49
115,48,111
115,49,88
115,50,133
115,51,126
115,52,71
115,53,171
115,54,57
115,55,122
115,56,108
115,57,40
115,58,79
115,59,99
115,60,165
115,61,105
115,62,162
115,63,138
115,64,77
115,65,71
115,66,173
115,67,130
115,68,84
115,69,106
115,70,151
115,71,147
115,72,81
115,73,97
115,74,76
115,75,14
115,76,92
115,77,113
115,78,63
115,79,82
115,80,142
115,81,120
115,82,17
115,83,39
115,84,170
115,85,85
115,86,116
115,87,155
115,88,9
115,89,121
115,90,35
115,91,131
115,92,53
115,93,179
115,94,99
115,95,21
115,96,98
115,97,130
115,98,93
115,99,229
115,100,151
115,101,76
115,102,107
115,103,159
115,104,157
115,105,68
115,106,105
115,107,53
115,108,66
115,109,151
115,110,75
115,111,12
115,112,175
115,113,32
115,114,142
116,0,73
116,1,74
116,2,34
116,3,63
116,4,71
116,5,30
116,6,64
116,7,20
116,8,17
116,9,81
116,10,45
116,11,40
116,12,52
116,13,58
116,14,68
116,15,67
116,16,29
116,17,70
116,18,77
116,19,41
116,20,10
116,21,73
116,22,74
116,23,30
116,24,41
116,25,40
116,26,21
116,27,66
116,28,49
116,29,55
116,30,45
116,31,81
116,32,60
116,33,67
116,34,46
116,35,41
116,36,48
116,37,6
116,38,59
116,39,77
116,40,56
116,41,56
116,42,62
116,43,73
116,44,84
116,45,44
116,46,30
116,47,29
116,48,48
116,49,41
116,50,80
116,51,61
116,52,36
116,53,70
116,54,38
116,55,51
116,56,51
116,57,26
116,58,63
116,59,49
116,60,69
116,61,52
116,62,70
116,63,73
116,64,51
116,65,37
116,66,78
116,67,71
116,68,39
116,69,55
116,70,57
116,71,69
116,72,41
116,73,53
116,74,47
116,75,10
116,76,51
116,77,55
116,78,46
116,79,42
116,80,68
116,81,61
116,82,14
116,83,24
116,84,81
116,85,44
116,86,49
116,87,71
116,88,10
116,89,64
116,90,24
116,91,56
116,92,29
116,93,73
116,94,44
116,95,22
116,96,41
116,97,64
116,98,47
116,99,75
116,100,62
116,101,41
116,102,56
116,103,64
116,104,60
116,105,43
116,106,57
116,107,59
116,108,45
116,109,65
116,110,46
116,111,8
116,112,63
116,113,21
116,114,65
116,115,75
117,0,109
117,1,119
117,2,39
117,3,100
117,4,120
117,5,50
117,6,102
117,7,22
117,8,15
117,9,121
117,10,78
117,11,41
117,12,62
117,13,66
117,14,114
117,15,97
117,16,33
117,17,106
117,18,86
117,19,66
117,20,15
117,21,126
117,22,106
117,23,35
117,24,42
117,25,44
117,26,32
117,27,106
117,28,70
117,29,101
117,30,62
117,31,110
117,32,76
117,33,113
117,34,55
117,35,54
117,36,67
117,37,8
117,38,94
117,39,115
117,40,73
117,41,81
117,42,76
117,43,105
117,44,132
117,45,54
117,46,40
117,47,37
117,48,74
117,49,63
117,50,93
117,51,83
117,52,48
117,53,113
117,54,39
117,55,76
117,56,73
117,57,24
117,58,66
117,59,74
117,60,105
117,61,73
117,62,112
117,63,103
117,64,58
117,65,48
117,66,117
117,67,86
117,68,64
117,69,70
117,70,97
117,71,95
117,72,65
117,73,82
117,74,64
117,75,10
117,76,66
117,77,92
117,78,42
117,79,51
117,80,87
117,81,90
117,82,12
117,83,29
117,84,111
117,85,60
117,86,82
117,87,116
117,88,9
117,89,83
117,90,32
117,91,82
117,92,36
117,93,123
117,94,72
117,95,18
117,96,59
117,97,93
117,98,62
117,99,133
117,100,92
117,101,51
117,102,87
117,103,108
117,104,124
117,105,54
117,106,75
117,107,44
117,108,56
117,109,107
117,110,50
117,111,9
117,112,103
117,113,23
117,114,94
117,115,118
117,116,60
